Image Size,Time Taken (seconds)
32,8.2306666667
124,9.1557142857
224,12.19625
512,29.699
720,51.1681818182
